cell,arc,metric,transition_type,slew_ns,load_pf,ref0_value_ns,ref1_value_ns,delta_ns,percent_diff
sg13g2_IOPadOut4mA,c2p->pad,delay,rise,0.1,1.0,1.52467,1.51342,-0.01125,-0.7379
sg13g2_IOPadOut4mA,c2p->pad,delay,rise,0.1,1.310345,1.660406,1.648827,-0.011579,-0.6974
sg13g2_IOPadOut4mA,c2p->pad,delay,rise,0.1,1.62069,1.796141,1.784233,-0.011908,-0.663
sg13g2_IOPadOut4mA,c2p->pad,delay,rise,0.1,1.931034,1.931877,1.91964,-0.012237,-0.6334
sg13g2_IOPadOut4mA,c2p->pad,delay,rise,0.1,2.0,1.96204,1.94973,-0.01231,-0.6274
sg13g2_IOPadOut4mA,c2p->pad,delay,rise,0.1,2.241379,2.066739,2.054324,-0.012415,-0.6007
sg13g2_IOPadOut4mA,c2p->pad,delay,rise,0.1,2.551724,2.201352,2.188803,-0.012549,-0.5701
sg13g2_IOPadOut4mA,c2p->pad,delay,rise,0.1,2.862069,2.335965,2.323282,-0.012684,-0.543
sg13g2_IOPadOut4mA,c2p->pad,delay,rise,0.1,3.0,2.395793,2.38305,-0.012743,-0.5319
sg13g2_IOPadOut4mA,c2p->pad,delay,rise,0.1,3.172414,2.470578,2.457693,-0.012885,-0.5215
sg13g2_IOPadOut4mA,c2p->pad,delay,rise,0.1,3.482759,2.605191,2.592051,-0.013141,-0.5044
sg13g2_IOPadOut4mA,c2p->pad,delay,rise,0.1,3.5,2.61267,2.599515,-0.013155,-0.5035
sg13g2_IOPadOut4mA,c2p->pad,delay,rise,0.1,3.793103,2.739465,2.726408,-0.013056,-0.4766
sg13g2_IOPadOut4mA,c2p->pad,delay,rise,0.1,4.0,2.828967,2.81598,-0.012987,-0.4591
sg13g2_IOPadOut4mA,c2p->pad,delay,rise,0.1,4.103448,2.873718,2.860702,-0.013015,-0.4529
sg13g2_IOPadOut4mA,c2p->pad,delay,rise,0.1,4.413793,3.007971,2.99487,-0.013101,-0.4355
sg13g2_IOPadOut4mA,c2p->pad,delay,rise,0.1,4.724138,3.142224,3.129037,-0.013187,-0.4197
sg13g2_IOPadOut4mA,c2p->pad,delay,rise,0.1,5.0,3.26156,3.248297,-0.013263,-0.4067
sg13g2_IOPadOut4mA,c2p->pad,delay,rise,0.1,5.034483,3.276465,3.263204,-0.013261,-0.4047
sg13g2_IOPadOut4mA,c2p->pad,delay,rise,0.1,5.344828,3.410614,3.397371,-0.013243,-0.3883
sg13g2_IOPadOut4mA,c2p->pad,delay,rise,0.1,5.655172,3.544763,3.531539,-0.013224,-0.3731
sg13g2_IOPadOut4mA,c2p->pad,delay,rise,0.1,5.965517,3.678911,3.665706,-0.013205,-0.3589
sg13g2_IOPadOut4mA,c2p->pad,delay,rise,0.1,6.275862,3.81306,3.799873,-0.013187,-0.3458
sg13g2_IOPadOut4mA,c2p->pad,delay,rise,0.1,6.586207,3.947209,3.93404,-0.013168,-0.3336
sg13g2_IOPadOut4mA,c2p->pad,delay,rise,0.1,6.896552,4.081357,4.068208,-0.01315,-0.3222
sg13g2_IOPadOut4mA,c2p->pad,delay,rise,0.1,7.0,4.126073,4.11293,-0.013143,-0.3185
sg13g2_IOPadOut4mA,c2p->pad,delay,rise,0.1,7.206897,4.215506,4.202331,-0.013174,-0.3125
sg13g2_IOPadOut4mA,c2p->pad,delay,rise,0.1,7.517241,4.349654,4.336433,-0.013221,-0.304
sg13g2_IOPadOut4mA,c2p->pad,delay,rise,0.1,7.827586,4.483803,4.470536,-0.013267,-0.2959
sg13g2_IOPadOut4mA,c2p->pad,delay,rise,0.1,8.0,4.55833,4.545037,-0.013293,-0.2916
sg13g2_IOPadOut4mA,c2p->pad,delay,rise,0.1,8.137931,4.61792,4.604638,-0.013282,-0.2876
sg13g2_IOPadOut4mA,c2p->pad,delay,rise,0.1,8.448276,4.751998,4.73874,-0.013258,-0.279
sg13g2_IOPadOut4mA,c2p->pad,delay,rise,0.1,8.758621,4.886075,4.872842,-0.013233,-0.2708
sg13g2_IOPadOut4mA,c2p->pad,delay,rise,0.1,9.068966,5.020152,5.006944,-0.013209,-0.2631
sg13g2_IOPadOut4mA,c2p->pad,delay,rise,0.1,9.37931,5.15423,5.141046,-0.013184,-0.2558
sg13g2_IOPadOut4mA,c2p->pad,delay,rise,0.1,9.689655,5.288308,5.275148,-0.01316,-0.2488
sg13g2_IOPadOut4mA,c2p->pad,delay,rise,0.1,10.0,5.422385,5.40925,-0.013135,-0.2422
sg13g2_IOPadOut4mA,c2p->pad,delay,fall,0.1,1.0,1.36325,1.34619,-0.01706,-1.2514
sg13g2_IOPadOut4mA,c2p->pad,delay,fall,0.1,1.310345,1.496323,1.478732,-0.017591,-1.1756
sg13g2_IOPadOut4mA,c2p->pad,delay,fall,0.1,1.62069,1.629396,1.611274,-0.018121,-1.1122
sg13g2_IOPadOut4mA,c2p->pad,delay,fall,0.1,1.931034,1.762468,1.743816,-0.018652,-1.0583
sg13g2_IOPadOut4mA,c2p->pad,delay,fall,0.1,2.0,1.79204,1.77327,-0.01877,-1.0474
sg13g2_IOPadOut4mA,c2p->pad,delay,fall,0.1,2.241379,1.895289,1.876397,-0.018892,-0.9968
sg13g2_IOPadOut4mA,c2p->pad,delay,fall,0.1,2.551724,2.028038,2.008989,-0.01905,-0.9393
sg13g2_IOPadOut4mA,c2p->pad,delay,fall,0.1,2.862069,2.160787,2.14158,-0.019207,-0.8889
sg13g2_IOPadOut4mA,c2p->pad,delay,fall,0.1,3.0,2.219787,2.20051,-0.019277,-0.8684
sg13g2_IOPadOut4mA,c2p->pad,delay,fall,0.1,3.172414,2.293536,2.274179,-0.019357,-0.844
sg13g2_IOPadOut4mA,c2p->pad,delay,fall,0.1,3.482759,2.426285,2.406783,-0.019502,-0.8038
sg13g2_IOPadOut4mA,c2p->pad,delay,fall,0.1,3.5,2.43366,2.41415,-0.01951,-0.8017
sg13g2_IOPadOut4mA,c2p->pad,delay,fall,0.1,3.793103,2.55888,2.539387,-0.019492,-0.7618
sg13g2_IOPadOut4mA,c2p->pad,delay,fall,0.1,4.0,2.64727,2.62779,-0.01948,-0.7359
sg13g2_IOPadOut4mA,c2p->pad,delay,fall,0.1,4.103448,2.691465,2.672001,-0.019464,-0.7232
sg13g2_IOPadOut4mA,c2p->pad,delay,fall,0.1,4.413793,2.824051,2.804633,-0.019418,-0.6876
sg13g2_IOPadOut4mA,c2p->pad,delay,fall,0.1,4.724138,2.956636,2.937265,-0.019371,-0.6552
sg13g2_IOPadOut4mA,c2p->pad,delay,fall,0.1,5.0,3.07449,3.05516,-0.01933,-0.6287
sg13g2_IOPadOut4mA,c2p->pad,delay,fall,0.1,5.034483,3.089223,3.069897,-0.019326,-0.6256
sg13g2_IOPadOut4mA,c2p->pad,delay,fall,0.1,5.344828,3.221822,3.202529,-0.019293,-0.5988
sg13g2_IOPadOut4mA,c2p->pad,delay,fall,0.1,5.655172,3.354421,3.335161,-0.01926,-0.5742
sg13g2_IOPadOut4mA,c2p->pad,delay,fall,0.1,5.965517,3.48702,3.467793,-0.019227,-0.5514
sg13g2_IOPadOut4mA,c2p->pad,delay,fall,0.1,6.275862,3.619619,3.600425,-0.019194,-0.5303
sg13g2_IOPadOut4mA,c2p->pad,delay,fall,0.1,6.586207,3.752218,3.733057,-0.019161,-0.5107
sg13g2_IOPadOut4mA,c2p->pad,delay,fall,0.1,6.896552,3.884817,3.865689,-0.019128,-0.4924
sg13g2_IOPadOut4mA,c2p->pad,delay,fall,0.1,7.0,3.929017,3.9099,-0.019117,-0.4866
sg13g2_IOPadOut4mA,c2p->pad,delay,fall,0.1,7.206897,4.017416,3.998301,-0.019115,-0.4758
sg13g2_IOPadOut4mA,c2p->pad,delay,fall,0.1,7.517241,4.150015,4.130903,-0.019111,-0.4605
sg13g2_IOPadOut4mA,c2p->pad,delay,fall,0.1,7.827586,4.282614,4.263506,-0.019108,-0.4462
sg13g2_IOPadOut4mA,c2p->pad,delay,fall,0.1,8.0,4.35628,4.337173,-0.019107,-0.4386
sg13g2_IOPadOut4mA,c2p->pad,delay,fall,0.1,8.137931,4.415213,4.396108,-0.019105,-0.4327
sg13g2_IOPadOut4mA,c2p->pad,delay,fall,0.1,8.448276,4.547811,4.52871,-0.019102,-0.42
sg13g2_IOPadOut4mA,c2p->pad,delay,fall,0.1,8.758621,4.68041,4.661312,-0.019098,-0.4081
sg13g2_IOPadOut4mA,c2p->pad,delay,fall,0.1,9.068966,4.813009,4.793914,-0.019095,-0.3967
sg13g2_IOPadOut4mA,c2p->pad,delay,fall,0.1,9.37931,4.945608,4.926516,-0.019092,-0.386
sg13g2_IOPadOut4mA,c2p->pad,delay,fall,0.1,9.689655,5.078206,5.059118,-0.019088,-0.3759
sg13g2_IOPadOut4mA,c2p->pad,delay,fall,0.1,10.0,5.210805,5.19172,-0.019085,-0.3663
sg13g2_IOPadOut4mA,c2p->pad,slew,rise,0.1,1.0,1.14171,1.10094,-0.04077,-3.571
sg13g2_IOPadOut4mA,c2p->pad,slew,rise,0.1,1.310345,1.417486,1.376244,-0.041242,-2.9095
sg13g2_IOPadOut4mA,c2p->pad,slew,rise,0.1,1.62069,1.693261,1.651548,-0.041713,-2.4635
sg13g2_IOPadOut4mA,c2p->pad,slew,rise,0.1,1.931034,1.969037,1.926851,-0.042185,-2.1424
sg13g2_IOPadOut4mA,c2p->pad,slew,rise,0.1,2.0,2.03032,1.98803,-0.04229,-2.0829
sg13g2_IOPadOut4mA,c2p->pad,slew,rise,0.1,2.241379,2.24681,2.204361,-0.042449,-1.8893
sg13g2_IOPadOut4mA,c2p->pad,slew,rise,0.1,2.551724,2.525154,2.482502,-0.042652,-1.6891
sg13g2_IOPadOut4mA,c2p->pad,slew,rise,0.1,2.862069,2.803498,2.760642,-0.042856,-1.5287
sg13g2_IOPadOut4mA,c2p->pad,slew,rise,0.1,3.0,2.927207,2.88426,-0.042947,-1.4672
sg13g2_IOPadOut4mA,c2p->pad,slew,rise,0.1,3.172414,3.081842,3.039101,-0.042741,-1.3869
sg13g2_IOPadOut4mA,c2p->pad,slew,rise,0.1,3.482759,3.360186,3.317816,-0.042371,-1.261
sg13g2_IOPadOut4mA,c2p->pad,slew,rise,0.1,3.5,3.37565,3.3333,-0.04235,-1.2546
sg13g2_IOPadOut4mA,c2p->pad,slew,rise,0.1,3.793103,3.639254,3.59653,-0.042723,-1.174
sg13g2_IOPadOut4mA,c2p->pad,slew,rise,0.1,4.0,3.825327,3.78234,-0.042987,-1.1237
sg13g2_IOPadOut4mA,c2p->pad,slew,rise,0.1,4.103448,3.918363,3.875513,-0.04285,-1.0936
sg13g2_IOPadOut4mA,c2p->pad,slew,rise,0.1,4.413793,4.197473,4.155034,-0.042439,-1.0111
sg13g2_IOPadOut4mA,c2p->pad,slew,rise,0.1,4.724138,4.476583,4.434554,-0.042028,-0.9388
sg13g2_IOPadOut4mA,c2p->pad,slew,rise,0.1,5.0,4.72468,4.683017,-0.041663,-0.8818
sg13g2_IOPadOut4mA,c2p->pad,slew,rise,0.1,5.034483,4.755731,4.714074,-0.041657,-0.8759
sg13g2_IOPadOut4mA,c2p->pad,slew,rise,0.1,5.344828,5.035191,4.993595,-0.041597,-0.8261
sg13g2_IOPadOut4mA,c2p->pad,slew,rise,0.1,5.655172,5.314652,5.273115,-0.041537,-0.7816
sg13g2_IOPadOut4mA,c2p->pad,slew,rise,0.1,5.965517,5.594112,5.552636,-0.041477,-0.7414
sg13g2_IOPadOut4mA,c2p->pad,slew,rise,0.1,6.275862,5.873573,5.832156,-0.041417,-0.7051
sg13g2_IOPadOut4mA,c2p->pad,slew,rise,0.1,6.586207,6.153033,6.111676,-0.041357,-0.6721
sg13g2_IOPadOut4mA,c2p->pad,slew,rise,0.1,6.896552,6.432493,6.391197,-0.041297,-0.642
sg13g2_IOPadOut4mA,c2p->pad,slew,rise,0.1,7.0,6.525647,6.48437,-0.041277,-0.6325
sg13g2_IOPadOut4mA,c2p->pad,slew,rise,0.1,7.206897,6.711954,6.670496,-0.041458,-0.6177
sg13g2_IOPadOut4mA,c2p->pad,slew,rise,0.1,7.517241,6.991414,6.949684,-0.04173,-0.5969
sg13g2_IOPadOut4mA,c2p->pad,slew,rise,0.1,7.827586,7.270874,7.228872,-0.042002,-0.5777
sg13g2_IOPadOut4mA,c2p->pad,slew,rise,0.1,8.0,7.42613,7.383977,-0.042153,-0.5676
sg13g2_IOPadOut4mA,c2p->pad,slew,rise,0.1,8.137931,7.550301,7.50806,-0.042241,-0.5595
sg13g2_IOPadOut4mA,c2p->pad,slew,rise,0.1,8.448276,7.829687,7.787249,-0.042438,-0.542
sg13g2_IOPadOut4mA,c2p->pad,slew,rise,0.1,8.758621,8.109073,8.066437,-0.042636,-0.5258
sg13g2_IOPadOut4mA,c2p->pad,slew,rise,0.1,9.068966,8.388458,8.345625,-0.042833,-0.5106
sg13g2_IOPadOut4mA,c2p->pad,slew,rise,0.1,9.37931,8.667844,8.624813,-0.04303,-0.4964
sg13g2_IOPadOut4mA,c2p->pad,slew,rise,0.1,9.689655,8.947229,8.904002,-0.043228,-0.4831
sg13g2_IOPadOut4mA,c2p->pad,slew,rise,0.1,10.0,9.226615,9.18319,-0.043425,-0.4706
sg13g2_IOPadOut4mA,c2p->pad,slew,fall,0.1,1.0,1.04299,1.00441,-0.03858,-3.699
sg13g2_IOPadOut4mA,c2p->pad,slew,fall,0.1,1.310345,1.297861,1.259184,-0.038676,-2.98
sg13g2_IOPadOut4mA,c2p->pad,slew,fall,0.1,1.62069,1.552731,1.513959,-0.038772,-2.497
sg13g2_IOPadOut4mA,c2p->pad,slew,fall,0.1,1.931034,1.807602,1.768733,-0.038869,-2.1503
sg13g2_IOPadOut4mA,c2p->pad,slew,fall,0.1,2.0,1.86424,1.82535,-0.03889,-2.0861
sg13g2_IOPadOut4mA,c2p->pad,slew,fall,0.1,2.241379,2.064501,2.025482,-0.039019,-1.89
sg13g2_IOPadOut4mA,c2p->pad,slew,fall,0.1,2.551724,2.32198,2.282796,-0.039184,-1.6875
sg13g2_IOPadOut4mA,c2p->pad,slew,fall,0.1,2.862069,2.579458,2.540109,-0.03935,-1.5255
sg13g2_IOPadOut4mA,c2p->pad,slew,fall,0.1,3.0,2.693893,2.65447,-0.039423,-1.4634
sg13g2_IOPadOut4mA,c2p->pad,slew,fall,0.1,3.172414,2.836937,2.797772,-0.039165,-1.3805
sg13g2_IOPadOut4mA,c2p->pad,slew,fall,0.1,3.482759,3.094416,3.055715,-0.038701,-1.2507
sg13g2_IOPadOut4mA,c2p->pad,slew,fall,0.1,3.5,3.10872,3.070045,-0.038675,-1.2441
sg13g2_IOPadOut4mA,c2p->pad,slew,fall,0.1,3.793103,3.352387,3.313658,-0.038729,-1.1553
sg13g2_IOPadOut4mA,c2p->pad,slew,fall,0.1,4.0,3.524387,3.48562,-0.038767,-1.1
sg13g2_IOPadOut4mA,c2p->pad,slew,fall,0.1,4.103448,3.610387,3.57171,-0.038677,-1.0713
sg13g2_IOPadOut4mA,c2p->pad,slew,fall,0.1,4.413793,3.868387,3.829979,-0.038408,-0.9929
sg13g2_IOPadOut4mA,c2p->pad,slew,fall,0.1,4.724138,4.126387,4.088248,-0.038139,-0.9243
sg13g2_IOPadOut4mA,c2p->pad,slew,fall,0.1,5.0,4.35572,4.31782,-0.0379,-0.8701
sg13g2_IOPadOut4mA,c2p->pad,slew,fall,0.1,5.034483,4.384444,4.346517,-0.037928,-0.8651
sg13g2_IOPadOut4mA,c2p->pad,slew,fall,0.1,5.344828,4.642964,4.604786,-0.038178,-0.8223
sg13g2_IOPadOut4mA,c2p->pad,slew,fall,0.1,5.655172,4.901483,4.863054,-0.038429,-0.784
sg13g2_IOPadOut4mA,c2p->pad,slew,fall,0.1,5.965517,5.160002,5.121323,-0.038679,-0.7496
sg13g2_IOPadOut4mA,c2p->pad,slew,fall,0.1,6.275862,5.418522,5.379592,-0.038929,-0.7184
sg13g2_IOPadOut4mA,c2p->pad,slew,fall,0.1,6.586207,5.677041,5.637861,-0.03918,-0.6901
sg13g2_IOPadOut4mA,c2p->pad,slew,fall,0.1,6.896552,5.93556,5.89613,-0.03943,-0.6643
sg13g2_IOPadOut4mA,c2p->pad,slew,fall,0.1,7.0,6.021733,5.98222,-0.039513,-0.6562
sg13g2_IOPadOut4mA,c2p->pad,slew,fall,0.1,7.206897,6.19408,6.154445,-0.039635,-0.6399
sg13g2_IOPadOut4mA,c2p->pad,slew,fall,0.1,7.517241,6.452599,6.412782,-0.039817,-0.6171
sg13g2_IOPadOut4mA,c2p->pad,slew,fall,0.1,7.827586,6.711118,6.671119,-0.039999,-0.596
sg13g2_IOPadOut4mA,c2p->pad,slew,fall,0.1,8.0,6.85474,6.81464,-0.0401,-0.585
sg13g2_IOPadOut4mA,c2p->pad,slew,fall,0.1,8.137931,6.969573,6.929457,-0.040117,-0.5756
sg13g2_IOPadOut4mA,c2p->pad,slew,fall,0.1,8.448276,7.227948,7.187794,-0.040154,-0.5555
sg13g2_IOPadOut4mA,c2p->pad,slew,fall,0.1,8.758621,7.486322,7.446131,-0.040191,-0.5369
sg13g2_IOPadOut4mA,c2p->pad,slew,fall,0.1,9.068966,7.744697,7.704468,-0.040228,-0.5194
sg13g2_IOPadOut4mA,c2p->pad,slew,fall,0.1,9.37931,8.003071,7.962806,-0.040266,-0.5031
sg13g2_IOPadOut4mA,c2p->pad,slew,fall,0.1,9.689655,8.261446,8.221143,-0.040303,-0.4878
sg13g2_IOPadOut4mA,c2p->pad,slew,fall,0.1,10.0,8.51982,8.47948,-0.04034,-0.4735
sg13g2_IOPadOut16mA,c2p->pad,delay,rise,0.1,1.0,1.51051,1.511,0.00049,0.0324
sg13g2_IOPadOut16mA,c2p->pad,delay,rise,0.1,1.482759,1.580932,1.582139,0.001207,0.0763
sg13g2_IOPadOut16mA,c2p->pad,delay,rise,0.1,1.965517,1.651355,1.653279,0.001924,0.1165
sg13g2_IOPadOut16mA,c2p->pad,delay,rise,0.1,2.448276,1.721777,1.724418,0.002641,0.1534
sg13g2_IOPadOut16mA,c2p->pad,delay,rise,0.1,2.931034,1.7922,1.795557,0.003358,0.1873
sg13g2_IOPadOut16mA,c2p->pad,delay,rise,0.1,3.0,1.80226,1.80572,0.00346,0.192
sg13g2_IOPadOut16mA,c2p->pad,delay,rise,0.1,3.413793,1.851144,1.854028,0.002884,0.1558
sg13g2_IOPadOut16mA,c2p->pad,delay,rise,0.1,3.896552,1.908176,1.910388,0.002212,0.1159
sg13g2_IOPadOut16mA,c2p->pad,delay,rise,0.1,4.37931,1.965207,1.966748,0.00154,0.0784
sg13g2_IOPadOut16mA,c2p->pad,delay,rise,0.1,4.862069,2.022239,2.023107,0.000869,0.043
sg13g2_IOPadOut16mA,c2p->pad,delay,rise,0.1,5.344828,2.07927,2.079467,0.000197,0.0095
sg13g2_IOPadOut16mA,c2p->pad,delay,rise,0.1,5.827586,2.136302,2.135827,-0.000475,-0.0222
sg13g2_IOPadOut16mA,c2p->pad,delay,rise,0.1,6.0,2.15667,2.155955,-0.000715,-0.0332
sg13g2_IOPadOut16mA,c2p->pad,delay,rise,0.1,6.310345,2.191223,2.192186,0.000963,0.044
sg13g2_IOPadOut16mA,c2p->pad,delay,rise,0.1,6.793103,2.244971,2.248546,0.003574,0.1592
sg13g2_IOPadOut16mA,c2p->pad,delay,rise,0.1,7.0,2.268007,2.2727,0.004693,0.2069
sg13g2_IOPadOut16mA,c2p->pad,delay,rise,0.1,7.275862,2.29872,2.303304,0.004584,0.1994
sg13g2_IOPadOut16mA,c2p->pad,delay,rise,0.1,7.758621,2.352469,2.356861,0.004392,0.1867
sg13g2_IOPadOut16mA,c2p->pad,delay,rise,0.1,8.241379,2.406218,2.410419,0.004201,0.1746
sg13g2_IOPadOut16mA,c2p->pad,delay,rise,0.1,8.724138,2.459966,2.463976,0.004009,0.163
sg13g2_IOPadOut16mA,c2p->pad,delay,rise,0.1,9.0,2.49068,2.49458,0.0039,0.1566
sg13g2_IOPadOut16mA,c2p->pad,delay,rise,0.1,9.206897,2.51325,2.517211,0.003961,0.1576
sg13g2_IOPadOut16mA,c2p->pad,delay,rise,0.1,9.689655,2.565913,2.570017,0.004104,0.1599
sg13g2_IOPadOut16mA,c2p->pad,delay,rise,0.1,10.172414,2.618576,2.622823,0.004246,0.1622
sg13g2_IOPadOut16mA,c2p->pad,delay,rise,0.1,10.655172,2.671239,2.675628,0.004389,0.1643
sg13g2_IOPadOut16mA,c2p->pad,delay,rise,0.1,11.137931,2.723903,2.728434,0.004531,0.1664
sg13g2_IOPadOut16mA,c2p->pad,delay,rise,0.1,11.62069,2.776566,2.78124,0.004674,0.1683
sg13g2_IOPadOut16mA,c2p->pad,delay,rise,0.1,12.0,2.817944,2.82273,0.004786,0.1698
sg13g2_IOPadOut16mA,c2p->pad,delay,rise,0.1,12.103448,2.829229,2.833959,0.00473,0.1672
sg13g2_IOPadOut16mA,c2p->pad,delay,rise,0.1,12.586207,2.881892,2.886361,0.004469,0.1551
sg13g2_IOPadOut16mA,c2p->pad,delay,rise,0.1,13.068966,2.934555,2.938763,0.004207,0.1434
sg13g2_IOPadOut16mA,c2p->pad,delay,rise,0.1,13.551724,2.987218,2.991164,0.003946,0.1321
sg13g2_IOPadOut16mA,c2p->pad,delay,rise,0.1,14.0,3.03612,3.039823,0.003703,0.122
sg13g2_IOPadOut16mA,c2p->pad,delay,rise,0.1,14.034483,3.039858,3.043566,0.003708,0.122
sg13g2_IOPadOut16mA,c2p->pad,delay,rise,0.1,14.517241,3.092192,3.095968,0.003776,0.1221
sg13g2_IOPadOut16mA,c2p->pad,delay,rise,0.1,15.0,3.144527,3.14837,0.003843,0.1222
sg13g2_IOPadOut16mA,c2p->pad,delay,fall,0.1,1.0,1.30956,1.3045,-0.00506,-0.3864
sg13g2_IOPadOut16mA,c2p->pad,delay,fall,0.1,1.482759,1.366557,1.361405,-0.005152,-0.377
sg13g2_IOPadOut16mA,c2p->pad,delay,fall,0.1,1.965517,1.423554,1.41831,-0.005243,-0.3683
sg13g2_IOPadOut16mA,c2p->pad,delay,fall,0.1,2.448276,1.480551,1.475216,-0.005335,-0.3604
sg13g2_IOPadOut16mA,c2p->pad,delay,fall,0.1,2.931034,1.537548,1.532121,-0.005427,-0.353
sg13g2_IOPadOut16mA,c2p->pad,delay,fall,0.1,3.0,1.54569,1.54025,-0.00544,-0.3519
sg13g2_IOPadOut16mA,c2p->pad,delay,fall,0.1,3.413793,1.588313,1.582787,-0.005527,-0.348
sg13g2_IOPadOut16mA,c2p->pad,delay,fall,0.1,3.896552,1.638041,1.632413,-0.005628,-0.3436
sg13g2_IOPadOut16mA,c2p->pad,delay,fall,0.1,4.37931,1.687768,1.68204,-0.005729,-0.3394
sg13g2_IOPadOut16mA,c2p->pad,delay,fall,0.1,4.862069,1.737496,1.731666,-0.005829,-0.3355
sg13g2_IOPadOut16mA,c2p->pad,delay,fall,0.1,5.344828,1.787223,1.781292,-0.00593,-0.3318
sg13g2_IOPadOut16mA,c2p->pad,delay,fall,0.1,5.827586,1.83695,1.830919,-0.006031,-0.3283
sg13g2_IOPadOut16mA,c2p->pad,delay,fall,0.1,6.0,1.85471,1.848642,-0.006068,-0.3271
sg13g2_IOPadOut16mA,c2p->pad,delay,fall,0.1,6.310345,1.886149,1.880545,-0.005604,-0.2971
sg13g2_IOPadOut16mA,c2p->pad,delay,fall,0.1,6.793103,1.935054,1.930172,-0.004882,-0.2523
sg13g2_IOPadOut16mA,c2p->pad,delay,fall,0.1,7.0,1.956013,1.95144,-0.004573,-0.2338
sg13g2_IOPadOut16mA,c2p->pad,delay,fall,0.1,7.275862,1.983959,1.979841,-0.004118,-0.2075
sg13g2_IOPadOut16mA,c2p->pad,delay,fall,0.1,7.758621,2.032864,2.029544,-0.00332,-0.1633
sg13g2_IOPadOut16mA,c2p->pad,delay,fall,0.1,8.241379,2.081769,2.079246,-0.002523,-0.1212
sg13g2_IOPadOut16mA,c2p->pad,delay,fall,0.1,8.724138,2.130674,2.128949,-0.001726,-0.081
sg13g2_IOPadOut16mA,c2p->pad,delay,fall,0.1,9.0,2.15862,2.15735,-0.00127,-0.0588
sg13g2_IOPadOut16mA,c2p->pad,delay,fall,0.1,9.206897,2.179985,2.178629,-0.001356,-0.0622
sg13g2_IOPadOut16mA,c2p->pad,delay,fall,0.1,9.689655,2.229837,2.228281,-0.001556,-0.0698
sg13g2_IOPadOut16mA,c2p->pad,delay,fall,0.1,10.172414,2.279688,2.277933,-0.001755,-0.077
sg13g2_IOPadOut16mA,c2p->pad,delay,fall,0.1,10.655172,2.32954,2.327584,-0.001955,-0.0839
sg13g2_IOPadOut16mA,c2p->pad,delay,fall,0.1,11.137931,2.379391,2.377236,-0.002155,-0.0906
sg13g2_IOPadOut16mA,c2p->pad,delay,fall,0.1,11.62069,2.429243,2.426888,-0.002355,-0.0969
sg13g2_IOPadOut16mA,c2p->pad,delay,fall,0.1,12.0,2.468412,2.4659,-0.002512,-0.1018
sg13g2_IOPadOut16mA,c2p->pad,delay,fall,0.1,12.103448,2.479094,2.476651,-0.002443,-0.0986
sg13g2_IOPadOut16mA,c2p->pad,delay,fall,0.1,12.586207,2.528946,2.526823,-0.002124,-0.084
sg13g2_IOPadOut16mA,c2p->pad,delay,fall,0.1,13.068966,2.578798,2.576994,-0.001804,-0.0699
sg13g2_IOPadOut16mA,c2p->pad,delay,fall,0.1,13.551724,2.628649,2.627166,-0.001484,-0.0564
sg13g2_IOPadOut16mA,c2p->pad,delay,fall,0.1,14.0,2.67494,2.673753,-0.001187,-0.0444
sg13g2_IOPadOut16mA,c2p->pad,delay,fall,0.1,14.034483,2.678561,2.677337,-0.001224,-0.0457
sg13g2_IOPadOut16mA,c2p->pad,delay,fall,0.1,14.517241,2.729252,2.727509,-0.001744,-0.0639
sg13g2_IOPadOut16mA,c2p->pad,delay,fall,0.1,15.0,2.779943,2.77768,-0.002263,-0.0814
sg13g2_IOPadOut16mA,c2p->pad,slew,rise,0.1,1.0,0.520365,0.510928,-0.009437,-1.8135
sg13g2_IOPadOut16mA,c2p->pad,slew,rise,0.1,1.482759,0.624169,0.615311,-0.008858,-1.4192
sg13g2_IOPadOut16mA,c2p->pad,slew,rise,0.1,1.965517,0.727972,0.719693,-0.008279,-1.1373
sg13g2_IOPadOut16mA,c2p->pad,slew,rise,0.1,2.448276,0.831776,0.824076,-0.007701,-0.9258
sg13g2_IOPadOut16mA,c2p->pad,slew,rise,0.1,2.931034,0.93558,0.928458,-0.007122,-0.7612
sg13g2_IOPadOut16mA,c2p->pad,slew,rise,0.1,3.0,0.950409,0.94337,-0.007039,-0.7406
sg13g2_IOPadOut16mA,c2p->pad,slew,rise,0.1,3.413793,1.038071,1.031244,-0.006827,-0.6577
sg13g2_IOPadOut16mA,c2p->pad,slew,rise,0.1,3.896552,1.140344,1.133764,-0.00658,-0.577
sg13g2_IOPadOut16mA,c2p->pad,slew,rise,0.1,4.37931,1.242616,1.236284,-0.006333,-0.5096
sg13g2_IOPadOut16mA,c2p->pad,slew,rise,0.1,4.862069,1.344889,1.338804,-0.006085,-0.4525
sg13g2_IOPadOut16mA,c2p->pad,slew,rise,0.1,5.344828,1.447162,1.441323,-0.005838,-0.4034
sg13g2_IOPadOut16mA,c2p->pad,slew,rise,0.1,5.827586,1.549434,1.543843,-0.005591,-0.3608
sg13g2_IOPadOut16mA,c2p->pad,slew,rise,0.1,6.0,1.58596,1.580458,-0.005502,-0.347
sg13g2_IOPadOut16mA,c2p->pad,slew,rise,0.1,6.310345,1.653152,1.646363,-0.006789,-0.4106
sg13g2_IOPadOut16mA,c2p->pad,slew,rise,0.1,6.793103,1.757672,1.748883,-0.008789,-0.5001
sg13g2_IOPadOut16mA,c2p->pad,slew,rise,0.1,7.0,1.802467,1.79282,-0.009647,-0.5352
sg13g2_IOPadOut16mA,c2p->pad,slew,rise,0.1,7.275862,1.862193,1.852645,-0.009548,-0.5127
sg13g2_IOPadOut16mA,c2p->pad,slew,rise,0.1,7.758621,1.966713,1.957338,-0.009375,-0.4767
sg13g2_IOPadOut16mA,c2p->pad,slew,rise,0.1,8.241379,2.071234,2.062032,-0.009202,-0.4443
sg13g2_IOPadOut16mA,c2p->pad,slew,rise,0.1,8.724138,2.175754,2.166725,-0.009029,-0.415
sg13g2_IOPadOut16mA,c2p->pad,slew,rise,0.1,9.0,2.23548,2.22655,-0.00893,-0.3995
sg13g2_IOPadOut16mA,c2p->pad,slew,rise,0.1,9.206897,2.281065,2.271947,-0.009117,-0.3997
sg13g2_IOPadOut16mA,c2p->pad,slew,rise,0.1,9.689655,2.387429,2.377874,-0.009555,-0.4002
sg13g2_IOPadOut16mA,c2p->pad,slew,rise,0.1,10.172414,2.493793,2.483801,-0.009992,-0.4007
sg13g2_IOPadOut16mA,c2p->pad,slew,rise,0.1,10.655172,2.600158,2.589728,-0.01043,-0.4011
sg13g2_IOPadOut16mA,c2p->pad,slew,rise,0.1,11.137931,2.706522,2.695655,-0.010867,-0.4015
sg13g2_IOPadOut16mA,c2p->pad,slew,rise,0.1,11.62069,2.812886,2.801582,-0.011304,-0.4019
sg13g2_IOPadOut16mA,c2p->pad,slew,rise,0.1,12.0,2.896458,2.88481,-0.011648,-0.4021
sg13g2_IOPadOut16mA,c2p->pad,slew,rise,0.1,12.103448,2.91925,2.90773,-0.01152,-0.3946
sg13g2_IOPadOut16mA,c2p->pad,slew,rise,0.1,12.586207,3.025615,3.014692,-0.010923,-0.361
sg13g2_IOPadOut16mA,c2p->pad,slew,rise,0.1,13.068966,3.131979,3.121654,-0.010325,-0.3297
sg13g2_IOPadOut16mA,c2p->pad,slew,rise,0.1,13.551724,3.238343,3.228615,-0.009728,-0.3004
sg13g2_IOPadOut16mA,c2p->pad,slew,rise,0.1,14.0,3.33711,3.327937,-0.009173,-0.2749
sg13g2_IOPadOut16mA,c2p->pad,slew,rise,0.1,14.034483,3.344797,3.335577,-0.00922,-0.2757
sg13g2_IOPadOut16mA,c2p->pad,slew,rise,0.1,14.517241,3.452412,3.442538,-0.009873,-0.286
sg13g2_IOPadOut16mA,c2p->pad,slew,rise,0.1,15.0,3.560027,3.5495,-0.010527,-0.2957
sg13g2_IOPadOut16mA,c2p->pad,slew,fall,0.1,1.0,0.620472,0.611481,-0.008991,-1.4491
sg13g2_IOPadOut16mA,c2p->pad,slew,fall,0.1,1.482759,0.698826,0.689571,-0.009254,-1.3243
sg13g2_IOPadOut16mA,c2p->pad,slew,fall,0.1,1.965517,0.777179,0.767662,-0.009518,-1.2246
sg13g2_IOPadOut16mA,c2p->pad,slew,fall,0.1,2.448276,0.855533,0.845752,-0.009781,-1.1433
sg13g2_IOPadOut16mA,c2p->pad,slew,fall,0.1,2.931034,0.933887,0.923842,-0.010044,-1.0755
sg13g2_IOPadOut16mA,c2p->pad,slew,fall,0.1,3.0,0.94508,0.934998,-0.010082,-1.0668
sg13g2_IOPadOut16mA,c2p->pad,slew,fall,0.1,3.413793,1.020476,1.011612,-0.008864,-0.8686
sg13g2_IOPadOut16mA,c2p->pad,slew,fall,0.1,3.896552,1.108438,1.100995,-0.007443,-0.6715
sg13g2_IOPadOut16mA,c2p->pad,slew,fall,0.1,4.37931,1.1964,1.190378,-0.006022,-0.5033
sg13g2_IOPadOut16mA,c2p->pad,slew,fall,0.1,4.862069,1.284361,1.279761,-0.0046,-0.3582
sg13g2_IOPadOut16mA,c2p->pad,slew,fall,0.1,5.344828,1.372323,1.369144,-0.003179,-0.2317
sg13g2_IOPadOut16mA,c2p->pad,slew,fall,0.1,5.827586,1.460285,1.458527,-0.001758,-0.1204
sg13g2_IOPadOut16mA,c2p->pad,slew,fall,0.1,6.0,1.4917,1.49045,-0.001251,-0.0838
sg13g2_IOPadOut16mA,c2p->pad,slew,fall,0.1,6.310345,1.551879,1.54791,-0.003969,-0.2558
sg13g2_IOPadOut16mA,c2p->pad,slew,fall,0.1,6.793103,1.645491,1.637293,-0.008198,-0.4982
sg13g2_IOPadOut16mA,c2p->pad,slew,fall,0.1,7.0,1.68561,1.6756,-0.01001,-0.5939
sg13g2_IOPadOut16mA,c2p->pad,slew,fall,0.1,7.275862,1.739102,1.729469,-0.009633,-0.5539
sg13g2_IOPadOut16mA,c2p->pad,slew,fall,0.1,7.758621,1.832714,1.82374,-0.008974,-0.4897
sg13g2_IOPadOut16mA,c2p->pad,slew,fall,0.1,8.241379,1.926326,1.91801,-0.008316,-0.4317
sg13g2_IOPadOut16mA,c2p->pad,slew,fall,0.1,8.724138,2.019938,2.012281,-0.007657,-0.379
sg13g2_IOPadOut16mA,c2p->pad,slew,fall,0.1,9.0,2.07343,2.06615,-0.00728,-0.3511
sg13g2_IOPadOut16mA,c2p->pad,slew,fall,0.1,9.206897,2.114851,2.107264,-0.007586,-0.3587
sg13g2_IOPadOut16mA,c2p->pad,slew,fall,0.1,9.689655,2.211499,2.203198,-0.008301,-0.3753
sg13g2_IOPadOut16mA,c2p->pad,slew,fall,0.1,10.172414,2.308147,2.299132,-0.009015,-0.3906
sg13g2_IOPadOut16mA,c2p->pad,slew,fall,0.1,10.655172,2.404796,2.395066,-0.00973,-0.4046
sg13g2_IOPadOut16mA,c2p->pad,slew,fall,0.1,11.137931,2.501444,2.491,-0.010444,-0.4175
sg13g2_IOPadOut16mA,c2p->pad,slew,fall,0.1,11.62069,2.598092,2.586933,-0.011159,-0.4295
sg13g2_IOPadOut16mA,c2p->pad,slew,fall,0.1,12.0,2.67403,2.66231,-0.01172,-0.4383
sg13g2_IOPadOut16mA,c2p->pad,slew,fall,0.1,12.103448,2.69474,2.683212,-0.011528,-0.4278
sg13g2_IOPadOut16mA,c2p->pad,slew,fall,0.1,12.586207,2.791389,2.780755,-0.010634,-0.3809
sg13g2_IOPadOut16mA,c2p->pad,slew,fall,0.1,13.068966,2.888037,2.878298,-0.009739,-0.3372
sg13g2_IOPadOut16mA,c2p->pad,slew,fall,0.1,13.551724,2.984685,2.975841,-0.008844,-0.2963
sg13g2_IOPadOut16mA,c2p->pad,slew,fall,0.1,14.0,3.07443,3.066417,-0.008013,-0.2606
sg13g2_IOPadOut16mA,c2p->pad,slew,fall,0.1,14.034483,3.08148,3.073384,-0.008096,-0.2627
sg13g2_IOPadOut16mA,c2p->pad,slew,fall,0.1,14.517241,3.180173,3.170927,-0.009246,-0.2907
sg13g2_IOPadOut16mA,c2p->pad,slew,fall,0.1,15.0,3.278867,3.26847,-0.010397,-0.3171
sg13g2_IOPadOut30mA,c2p->pad,delay,rise,0.1,2.0,1.85981,1.86498,0.00517,0.278
sg13g2_IOPadOut30mA,c2p->pad,delay,rise,0.1,2.965517,1.953062,1.95933,0.006268,0.3209
sg13g2_IOPadOut30mA,c2p->pad,delay,rise,0.1,3.931034,2.046314,2.053681,0.007367,0.36
sg13g2_IOPadOut30mA,c2p->pad,delay,rise,0.1,4.896552,2.139566,2.148031,0.008465,0.3956
sg13g2_IOPadOut30mA,c2p->pad,delay,rise,0.1,5.862069,2.232818,2.242381,0.009563,0.4283
sg13g2_IOPadOut30mA,c2p->pad,delay,rise,0.1,6.0,2.24614,2.25586,0.00972,0.4327
sg13g2_IOPadOut30mA,c2p->pad,delay,rise,0.1,6.827586,2.305339,2.31407,0.008732,0.3788
sg13g2_IOPadOut30mA,c2p->pad,delay,rise,0.1,7.793103,2.374404,2.381982,0.007579,0.3192
sg13g2_IOPadOut30mA,c2p->pad,delay,rise,0.1,8.758621,2.443469,2.449894,0.006426,0.263
sg13g2_IOPadOut30mA,c2p->pad,delay,rise,0.1,9.724138,2.512534,2.517807,0.005273,0.2099
sg13g2_IOPadOut30mA,c2p->pad,delay,rise,0.1,10.689655,2.581599,2.585719,0.00412,0.1596
sg13g2_IOPadOut30mA,c2p->pad,delay,rise,0.1,11.655172,2.650664,2.653631,0.002967,0.1119
sg13g2_IOPadOut30mA,c2p->pad,delay,rise,0.1,12.0,2.67533,2.677885,0.002555,0.0955
sg13g2_IOPadOut30mA,c2p->pad,delay,rise,0.1,12.62069,2.714492,2.721543,0.00705,0.2597
sg13g2_IOPadOut30mA,c2p->pad,delay,rise,0.1,13.586207,2.775412,2.789455,0.014043,0.506
sg13g2_IOPadOut30mA,c2p->pad,delay,rise,0.1,14.0,2.80152,2.81856,0.01704,0.6082
sg13g2_IOPadOut30mA,c2p->pad,delay,rise,0.1,14.551724,2.836331,2.852566,0.016234,0.5724
sg13g2_IOPadOut30mA,c2p->pad,delay,rise,0.1,15.517241,2.89725,2.912075,0.014825,0.5117
sg13g2_IOPadOut30mA,c2p->pad,delay,rise,0.1,16.482759,2.95817,2.971585,0.013415,0.4535
sg13g2_IOPadOut30mA,c2p->pad,delay,rise,0.1,17.448276,3.019089,3.031094,0.012006,0.3977
sg13g2_IOPadOut30mA,c2p->pad,delay,rise,0.1,18.0,3.0539,3.0651,0.0112,0.3667
sg13g2_IOPadOut30mA,c2p->pad,delay,rise,0.1,18.413793,3.078731,3.090185,0.011454,0.372
sg13g2_IOPadOut30mA,c2p->pad,delay,rise,0.1,19.37931,3.13667,3.148716,0.012046,0.3841
sg13g2_IOPadOut30mA,c2p->pad,delay,rise,0.1,20.344828,3.194608,3.207247,0.012639,0.3956
sg13g2_IOPadOut30mA,c2p->pad,delay,rise,0.1,21.310345,3.252547,3.265779,0.013231,0.4068
sg13g2_IOPadOut30mA,c2p->pad,delay,rise,0.1,22.275862,3.310486,3.32431,0.013824,0.4176
sg13g2_IOPadOut30mA,c2p->pad,delay,rise,0.1,23.241379,3.368425,3.382841,0.014416,0.428
sg13g2_IOPadOut30mA,c2p->pad,delay,rise,0.1,24.0,3.413948,3.42883,0.014882,0.4359
sg13g2_IOPadOut30mA,c2p->pad,delay,rise,0.1,24.206897,3.426363,3.441002,0.014639,0.4272
sg13g2_IOPadOut30mA,c2p->pad,delay,rise,0.1,25.172414,3.484302,3.497805,0.013503,0.3875
sg13g2_IOPadOut30mA,c2p->pad,delay,rise,0.1,26.137931,3.542241,3.554608,0.012367,0.3491
sg13g2_IOPadOut30mA,c2p->pad,delay,rise,0.1,27.103448,3.60018,3.611411,0.011231,0.312
sg13g2_IOPadOut30mA,c2p->pad,delay,rise,0.1,28.0,3.65398,3.664157,0.010177,0.2785
sg13g2_IOPadOut30mA,c2p->pad,delay,rise,0.1,28.068966,3.65801,3.668214,0.010204,0.2789
sg13g2_IOPadOut30mA,c2p->pad,delay,rise,0.1,29.034483,3.714433,3.725017,0.010584,0.2849
sg13g2_IOPadOut30mA,c2p->pad,delay,rise,0.1,30.0,3.770857,3.78182,0.010963,0.2907
sg13g2_IOPadOut30mA,c2p->pad,delay,fall,0.1,2.0,1.67211,1.66857,-0.00354,-0.2117
sg13g2_IOPadOut30mA,c2p->pad,delay,fall,0.1,2.965517,1.740372,1.737527,-0.002845,-0.1635
sg13g2_IOPadOut30mA,c2p->pad,delay,fall,0.1,3.931034,1.808634,1.806484,-0.00215,-0.1189
sg13g2_IOPadOut30mA,c2p->pad,delay,fall,0.1,4.896552,1.876896,1.875442,-0.001454,-0.0775
sg13g2_IOPadOut30mA,c2p->pad,delay,fall,0.1,5.862069,1.945158,1.944399,-0.000759,-0.039
sg13g2_IOPadOut30mA,c2p->pad,delay,fall,0.1,6.0,1.95491,1.95425,-0.00066,-0.0338
sg13g2_IOPadOut30mA,c2p->pad,delay,fall,0.1,6.827586,2.00404,2.002546,-0.001494,-0.0745
sg13g2_IOPadOut30mA,c2p->pad,delay,fall,0.1,7.793103,2.061358,2.058891,-0.002467,-0.1197
sg13g2_IOPadOut30mA,c2p->pad,delay,fall,0.1,8.758621,2.118676,2.115236,-0.003439,-0.1623
sg13g2_IOPadOut30mA,c2p->pad,delay,fall,0.1,9.724138,2.175993,2.171581,-0.004412,-0.2028
sg13g2_IOPadOut30mA,c2p->pad,delay,fall,0.1,10.689655,2.233311,2.227927,-0.005385,-0.2411
sg13g2_IOPadOut30mA,c2p->pad,delay,fall,0.1,11.655172,2.290629,2.284272,-0.006358,-0.2775
sg13g2_IOPadOut30mA,c2p->pad,delay,fall,0.1,12.0,2.3111,2.304395,-0.006705,-0.2901
sg13g2_IOPadOut30mA,c2p->pad,delay,fall,0.1,12.62069,2.344934,2.340617,-0.004317,-0.1841
sg13g2_IOPadOut30mA,c2p->pad,delay,fall,0.1,13.586207,2.397564,2.396962,-0.000602,-0.0251
sg13g2_IOPadOut30mA,c2p->pad,delay,fall,0.1,14.0,2.42012,2.42111,0.00099,0.0409
sg13g2_IOPadOut30mA,c2p->pad,delay,fall,0.1,14.551724,2.450194,2.451136,0.000942,0.0384
sg13g2_IOPadOut30mA,c2p->pad,delay,fall,0.1,15.517241,2.502825,2.503682,0.000857,0.0343
sg13g2_IOPadOut30mA,c2p->pad,delay,fall,0.1,16.482759,2.555455,2.556228,0.000773,0.0302
sg13g2_IOPadOut30mA,c2p->pad,delay,fall,0.1,17.448276,2.608086,2.608774,0.000688,0.0264
sg13g2_IOPadOut30mA,c2p->pad,delay,fall,0.1,18.0,2.63816,2.6388,0.00064,0.0243
sg13g2_IOPadOut30mA,c2p->pad,delay,fall,0.1,18.413793,2.660183,2.660793,0.00061,0.0229
sg13g2_IOPadOut30mA,c2p->pad,delay,fall,0.1,19.37931,2.711571,2.71211,0.000539,0.0199
sg13g2_IOPadOut30mA,c2p->pad,delay,fall,0.1,20.344828,2.762959,2.763428,0.000469,0.017
sg13g2_IOPadOut30mA,c2p->pad,delay,fall,0.1,21.310345,2.814346,2.814745,0.000398,0.0142
sg13g2_IOPadOut30mA,c2p->pad,delay,fall,0.1,22.275862,2.865734,2.866062,0.000328,0.0114
sg13g2_IOPadOut30mA,c2p->pad,delay,fall,0.1,23.241379,2.917122,2.917379,0.000257,0.0088
sg13g2_IOPadOut30mA,c2p->pad,delay,fall,0.1,24.0,2.957498,2.9577,0.000202,0.0068
sg13g2_IOPadOut30mA,c2p->pad,delay,fall,0.1,24.206897,2.96851,2.968745,0.000235,0.0079
sg13g2_IOPadOut30mA,c2p->pad,delay,fall,0.1,25.172414,3.019897,3.020287,0.00039,0.0129
sg13g2_IOPadOut30mA,c2p->pad,delay,fall,0.1,26.137931,3.071285,3.07183,0.000545,0.0177
sg13g2_IOPadOut30mA,c2p->pad,delay,fall,0.1,27.103448,3.122673,3.123372,0.0007,0.0224
sg13g2_IOPadOut30mA,c2p->pad,delay,fall,0.1,28.0,3.17039,3.171233,0.000843,0.0266
sg13g2_IOPadOut30mA,c2p->pad,delay,fall,0.1,28.068966,3.174136,3.174915,0.000779,0.0246
sg13g2_IOPadOut30mA,c2p->pad,delay,fall,0.1,29.034483,3.226573,3.226457,-0.000115,-0.0036
sg13g2_IOPadOut30mA,c2p->pad,delay,fall,0.1,30.0,3.27901,3.278,-0.00101,-0.0308
sg13g2_IOPadOut30mA,c2p->pad,slew,rise,0.1,2.0,0.663108,0.657209,-0.005899,-0.8896
sg13g2_IOPadOut30mA,c2p->pad,slew,rise,0.1,2.965517,0.78584,0.780815,-0.005025,-0.6395
sg13g2_IOPadOut30mA,c2p->pad,slew,rise,0.1,3.931034,0.908572,0.904421,-0.004152,-0.457
sg13g2_IOPadOut30mA,c2p->pad,slew,rise,0.1,4.896552,1.031305,1.028026,-0.003278,-0.3179
sg13g2_IOPadOut30mA,c2p->pad,slew,rise,0.1,5.862069,1.154037,1.151632,-0.002405,-0.2084
sg13g2_IOPadOut30mA,c2p->pad,slew,rise,0.1,6.0,1.17157,1.16929,-0.00228,-0.1946
sg13g2_IOPadOut30mA,c2p->pad,slew,rise,0.1,6.827586,1.265166,1.2632,-0.001966,-0.1554
sg13g2_IOPadOut30mA,c2p->pad,slew,rise,0.1,7.793103,1.374361,1.372762,-0.001599,-0.1163
sg13g2_IOPadOut30mA,c2p->pad,slew,rise,0.1,8.758621,1.483556,1.482324,-0.001232,-0.083
sg13g2_IOPadOut30mA,c2p->pad,slew,rise,0.1,9.724138,1.592751,1.591887,-0.000865,-0.0543
sg13g2_IOPadOut30mA,c2p->pad,slew,rise,0.1,10.689655,1.701947,1.701449,-0.000498,-0.0293
sg13g2_IOPadOut30mA,c2p->pad,slew,rise,0.1,11.655172,1.811142,1.811011,-0.000131,-0.0072
sg13g2_IOPadOut30mA,c2p->pad,slew,rise,0.1,12.0,1.85014,1.85014,0.0,0.0
sg13g2_IOPadOut30mA,c2p->pad,slew,rise,0.1,12.62069,1.920824,1.920573,-0.000251,-0.0131
sg13g2_IOPadOut30mA,c2p->pad,slew,rise,0.1,13.586207,2.030777,2.030135,-0.000642,-0.0316
sg13g2_IOPadOut30mA,c2p->pad,slew,rise,0.1,14.0,2.0779,2.07709,-0.00081,-0.039
sg13g2_IOPadOut30mA,c2p->pad,slew,rise,0.1,14.551724,2.14073,2.139581,-0.001149,-0.0537
sg13g2_IOPadOut30mA,c2p->pad,slew,rise,0.1,15.517241,2.250683,2.24894,-0.001743,-0.0774
sg13g2_IOPadOut30mA,c2p->pad,slew,rise,0.1,16.482759,2.360637,2.3583,-0.002337,-0.099
sg13g2_IOPadOut30mA,c2p->pad,slew,rise,0.1,17.448276,2.47059,2.467659,-0.002931,-0.1186
sg13g2_IOPadOut30mA,c2p->pad,slew,rise,0.1,18.0,2.53342,2.53015,-0.00327,-0.1291
sg13g2_IOPadOut30mA,c2p->pad,slew,rise,0.1,18.413793,2.581274,2.577839,-0.003435,-0.1331
sg13g2_IOPadOut30mA,c2p->pad,slew,rise,0.1,19.37931,2.692934,2.689113,-0.003821,-0.1419
sg13g2_IOPadOut30mA,c2p->pad,slew,rise,0.1,20.344828,2.804595,2.800387,-0.004207,-0.15
sg13g2_IOPadOut30mA,c2p->pad,slew,rise,0.1,21.310345,2.916255,2.911662,-0.004593,-0.1575
sg13g2_IOPadOut30mA,c2p->pad,slew,rise,0.1,22.275862,3.027915,3.022936,-0.004979,-0.1644
sg13g2_IOPadOut30mA,c2p->pad,slew,rise,0.1,23.241379,3.139575,3.13421,-0.005365,-0.1709
sg13g2_IOPadOut30mA,c2p->pad,slew,rise,0.1,24.0,3.227308,3.22164,-0.005668,-0.1756
sg13g2_IOPadOut30mA,c2p->pad,slew,rise,0.1,24.206897,3.251235,3.245747,-0.005488,-0.1688
sg13g2_IOPadOut30mA,c2p->pad,slew,rise,0.1,25.172414,3.362895,3.358248,-0.004648,-0.1382
sg13g2_IOPadOut30mA,c2p->pad,slew,rise,0.1,26.137931,3.474555,3.470748,-0.003807,-0.1096
sg13g2_IOPadOut30mA,c2p->pad,slew,rise,0.1,27.103448,3.586216,3.583249,-0.002967,-0.0827
sg13g2_IOPadOut30mA,c2p->pad,slew,rise,0.1,28.0,3.6899,3.687713,-0.002187,-0.0593
sg13g2_IOPadOut30mA,c2p->pad,slew,rise,0.1,28.068966,3.698016,3.695749,-0.002267,-0.0613
sg13g2_IOPadOut30mA,c2p->pad,slew,rise,0.1,29.034483,3.811647,3.80825,-0.003397,-0.0891
sg13g2_IOPadOut30mA,c2p->pad,slew,rise,0.1,30.0,3.925277,3.92075,-0.004527,-0.1153
sg13g2_IOPadOut30mA,c2p->pad,slew,fall,0.1,2.0,1.00795,0.998533,-0.009417,-0.9343
sg13g2_IOPadOut30mA,c2p->pad,slew,fall,0.1,2.965517,1.083581,1.074931,-0.00865,-0.7983
sg13g2_IOPadOut30mA,c2p->pad,slew,fall,0.1,3.931034,1.159213,1.151329,-0.007883,-0.6801
sg13g2_IOPadOut30mA,c2p->pad,slew,fall,0.1,4.896552,1.234844,1.227728,-0.007116,-0.5763
sg13g2_IOPadOut30mA,c2p->pad,slew,fall,0.1,5.862069,1.310476,1.304126,-0.00635,-0.4845
sg13g2_IOPadOut30mA,c2p->pad,slew,fall,0.1,6.0,1.32128,1.31504,-0.00624,-0.4723
sg13g2_IOPadOut30mA,c2p->pad,slew,fall,0.1,6.827586,1.393113,1.38829,-0.004823,-0.3462
sg13g2_IOPadOut30mA,c2p->pad,slew,fall,0.1,7.793103,1.476918,1.473748,-0.003171,-0.2147
sg13g2_IOPadOut30mA,c2p->pad,slew,fall,0.1,8.758621,1.560724,1.559206,-0.001518,-0.0973
sg13g2_IOPadOut30mA,c2p->pad,slew,fall,0.1,9.724138,1.644529,1.644663,0.000134,0.0082
sg13g2_IOPadOut30mA,c2p->pad,slew,fall,0.1,10.689655,1.728334,1.730121,0.001787,0.1034
sg13g2_IOPadOut30mA,c2p->pad,slew,fall,0.1,11.655172,1.81214,1.815579,0.00344,0.1898
sg13g2_IOPadOut30mA,c2p->pad,slew,fall,0.1,12.0,1.84207,1.8461,0.00403,0.2188
sg13g2_IOPadOut30mA,c2p->pad,slew,fall,0.1,12.62069,1.90174,1.901037,-0.000703,-0.037
sg13g2_IOPadOut30mA,c2p->pad,slew,fall,0.1,13.586207,1.99456,1.986495,-0.008065,-0.4043
sg13g2_IOPadOut30mA,c2p->pad,slew,fall,0.1,14.0,2.03434,2.02312,-0.01122,-0.5515
sg13g2_IOPadOut30mA,c2p->pad,slew,fall,0.1,14.551724,2.08738,2.077069,-0.010311,-0.494
sg13g2_IOPadOut30mA,c2p->pad,slew,fall,0.1,15.517241,2.1802,2.17148,-0.00872,-0.4
sg13g2_IOPadOut30mA,c2p->pad,slew,fall,0.1,16.482759,2.27302,2.26589,-0.00713,-0.3137
sg13g2_IOPadOut30mA,c2p->pad,slew,fall,0.1,17.448276,2.36584,2.360301,-0.005539,-0.2341
sg13g2_IOPadOut30mA,c2p->pad,slew,fall,0.1,18.0,2.41888,2.41425,-0.00463,-0.1914
sg13g2_IOPadOut30mA,c2p->pad,slew,fall,0.1,18.413793,2.461036,2.456017,-0.005019,-0.2039
sg13g2_IOPadOut30mA,c2p->pad,slew,fall,0.1,19.37931,2.559399,2.553473,-0.005926,-0.2315
sg13g2_IOPadOut30mA,c2p->pad,slew,fall,0.1,20.344828,2.657762,2.650929,-0.006833,-0.2571
sg13g2_IOPadOut30mA,c2p->pad,slew,fall,0.1,21.310345,2.756125,2.748385,-0.00774,-0.2808
sg13g2_IOPadOut30mA,c2p->pad,slew,fall,0.1,22.275862,2.854488,2.845841,-0.008646,-0.3029
sg13g2_IOPadOut30mA,c2p->pad,slew,fall,0.1,23.241379,2.952851,2.943297,-0.009553,-0.3235
sg13g2_IOPadOut30mA,c2p->pad,slew,fall,0.1,24.0,3.030136,3.01987,-0.010266,-0.3388
sg13g2_IOPadOut30mA,c2p->pad,slew,fall,0.1,24.206897,3.051214,3.041346,-0.009868,-0.3234
sg13g2_IOPadOut30mA,c2p->pad,slew,fall,0.1,25.172414,3.149577,3.141569,-0.008008,-0.2543
sg13g2_IOPadOut30mA,c2p->pad,slew,fall,0.1,26.137931,3.24794,3.241791,-0.006149,-0.1893
sg13g2_IOPadOut30mA,c2p->pad,slew,fall,0.1,27.103448,3.346303,3.342013,-0.00429,-0.1282
sg13g2_IOPadOut30mA,c2p->pad,slew,fall,0.1,28.0,3.43764,3.435077,-0.002563,-0.0746
sg13g2_IOPadOut30mA,c2p->pad,slew,fall,0.1,28.068966,3.44493,3.442235,-0.002694,-0.0782
sg13g2_IOPadOut30mA,c2p->pad,slew,fall,0.1,29.034483,3.546988,3.542458,-0.004531,-0.1277
sg13g2_IOPadOut30mA,c2p->pad,slew,fall,0.1,30.0,3.649047,3.64268,-0.006367,-0.1745
sg13g2_IOPadIn,pad->p2c,delay,rise,0.12,0.024,0.221213,0.082927,-0.138286,-62.5125
sg13g2_IOPadIn,pad->p2c,delay,rise,0.12,0.031448,0.226739,0.088752,-0.137987,-60.8572
sg13g2_IOPadIn,pad->p2c,delay,rise,0.12,0.038897,0.232264,0.094576,-0.137688,-59.2808
sg13g2_IOPadIn,pad->p2c,delay,rise,0.12,0.046345,0.23779,0.100401,-0.137389,-57.7776
sg13g2_IOPadIn,pad->p2c,delay,rise,0.12,0.048,0.239018,0.101695,-0.137323,-57.453
sg13g2_IOPadIn,pad->p2c,delay,rise,0.12,0.053793,0.243048,0.105816,-0.137232,-56.4629
sg13g2_IOPadIn,pad->p2c,delay,rise,0.12,0.061241,0.248228,0.111114,-0.137114,-55.2371
sg13g2_IOPadIn,pad->p2c,delay,rise,0.12,0.06869,0.253409,0.116413,-0.136997,-54.0614
sg13g2_IOPadIn,pad->p2c,delay,rise,0.12,0.076138,0.25859,0.121711,-0.136879,-52.9329
sg13g2_IOPadIn,pad->p2c,delay,rise,0.12,0.083586,0.263771,0.127009,-0.136762,-51.8486
sg13g2_IOPadIn,pad->p2c,delay,rise,0.12,0.091034,0.268952,0.132308,-0.136644,-50.8062
sg13g2_IOPadIn,pad->p2c,delay,rise,0.12,0.096,0.272406,0.13584,-0.136566,-50.1333
sg13g2_IOPadIn,pad->p2c,delay,rise,0.12,0.098483,0.274106,0.137543,-0.136563,-49.8212
sg13g2_IOPadIn,pad->p2c,delay,rise,0.12,0.105931,0.279205,0.142652,-0.136553,-48.9077
sg13g2_IOPadIn,pad->p2c,delay,rise,0.12,0.113379,0.284305,0.147761,-0.136543,-48.0271
sg13g2_IOPadIn,pad->p2c,delay,rise,0.12,0.120828,0.289404,0.152871,-0.136533,-47.1774
sg13g2_IOPadIn,pad->p2c,delay,rise,0.12,0.128276,0.294504,0.15798,-0.136524,-46.3572
sg13g2_IOPadIn,pad->p2c,delay,rise,0.12,0.135724,0.299603,0.163089,-0.136514,-45.5649
sg13g2_IOPadIn,pad->p2c,delay,rise,0.12,0.143172,0.304702,0.168198,-0.136504,-44.7992
sg13g2_IOPadIn,pad->p2c,delay,rise,0.12,0.144,0.305269,0.168766,-0.136503,-44.7156
sg13g2_IOPadIn,pad->p2c,delay,rise,0.12,0.150621,0.309779,0.173275,-0.136504,-44.0651
sg13g2_IOPadIn,pad->p2c,delay,rise,0.12,0.158069,0.314853,0.178347,-0.136506,-43.3554
sg13g2_IOPadIn,pad->p2c,delay,rise,0.12,0.165517,0.319926,0.183419,-0.136507,-42.6683
sg13g2_IOPadIn,pad->p2c,delay,rise,0.12,0.172966,0.325,0.188492,-0.136508,-42.0026
sg13g2_IOPadIn,pad->p2c,delay,rise,0.12,0.180414,0.330074,0.193564,-0.13651,-41.3574
sg13g2_IOPadIn,pad->p2c,delay,rise,0.12,0.187862,0.335147,0.198636,-0.136511,-40.7317
sg13g2_IOPadIn,pad->p2c,delay,rise,0.12,0.192,0.337966,0.201454,-0.136512,-40.3922
sg13g2_IOPadIn,pad->p2c,delay,rise,0.12,0.19531,0.340217,0.203705,-0.136512,-40.125
sg13g2_IOPadIn,pad->p2c,delay,rise,0.12,0.202759,0.345282,0.20877,-0.136512,-39.5364
sg13g2_IOPadIn,pad->p2c,delay,rise,0.12,0.210207,0.350346,0.213835,-0.136512,-38.9648
sg13g2_IOPadIn,pad->p2c,delay,rise,0.12,0.217655,0.355411,0.2189,-0.136511,-38.4095
sg13g2_IOPadIn,pad->p2c,delay,rise,0.12,0.225103,0.360476,0.223964,-0.136511,-37.8698
sg13g2_IOPadIn,pad->p2c,delay,rise,0.12,0.232552,0.36554,0.229029,-0.136511,-37.345
sg13g2_IOPadIn,pad->p2c,delay,rise,0.12,0.24,0.370605,0.234094,-0.136511,-36.8346
sg13g2_IOPadIn,pad->p2c,delay,fall,0.12,0.024,0.218374,0.449604,0.23123,105.8871
sg13g2_IOPadIn,pad->p2c,delay,fall,0.12,0.031448,0.222989,0.458135,0.235147,105.4522
sg13g2_IOPadIn,pad->p2c,delay,fall,0.12,0.038897,0.227604,0.466667,0.239063,105.0348
sg13g2_IOPadIn,pad->p2c,delay,fall,0.12,0.046345,0.232218,0.475198,0.24298,104.6341
sg13g2_IOPadIn,pad->p2c,delay,fall,0.12,0.048,0.233244,0.477094,0.24385,104.5472
sg13g2_IOPadIn,pad->p2c,delay,fall,0.12,0.053793,0.23654,0.482149,0.245609,103.8342
sg13g2_IOPadIn,pad->p2c,delay,fall,0.12,0.061241,0.240777,0.488648,0.247871,102.9463
sg13g2_IOPadIn,pad->p2c,delay,fall,0.12,0.06869,0.245014,0.495147,0.250133,102.0891
sg13g2_IOPadIn,pad->p2c,delay,fall,0.12,0.076138,0.249252,0.501646,0.252395,101.261
sg13g2_IOPadIn,pad->p2c,delay,fall,0.12,0.083586,0.253489,0.508145,0.254656,100.4606
sg13g2_IOPadIn,pad->p2c,delay,fall,0.12,0.091034,0.257726,0.514644,0.256918,99.6865
sg13g2_IOPadIn,pad->p2c,delay,fall,0.12,0.096,0.260551,0.518977,0.258426,99.1844
sg13g2_IOPadIn,pad->p2c,delay,fall,0.12,0.098483,0.261918,0.520728,0.25881,98.8131
sg13g2_IOPadIn,pad->p2c,delay,fall,0.12,0.105931,0.266021,0.525982,0.259961,97.7219
sg13g2_IOPadIn,pad->p2c,delay,fall,0.12,0.113379,0.270123,0.531235,0.261112,96.6639
sg13g2_IOPadIn,pad->p2c,delay,fall,0.12,0.120828,0.274226,0.536489,0.262263,95.6376
sg13g2_IOPadIn,pad->p2c,delay,fall,0.12,0.128276,0.278328,0.541742,0.263414,94.6415
sg13g2_IOPadIn,pad->p2c,delay,fall,0.12,0.135724,0.282431,0.546996,0.264565,93.6743
sg13g2_IOPadIn,pad->p2c,delay,fall,0.12,0.143172,0.286533,0.552249,0.265716,92.7348
sg13g2_IOPadIn,pad->p2c,delay,fall,0.12,0.144,0.286989,0.552833,0.265844,92.6321
sg13g2_IOPadIn,pad->p2c,delay,fall,0.12,0.150621,0.290584,0.557119,0.266535,91.7237
sg13g2_IOPadIn,pad->p2c,delay,fall,0.12,0.158069,0.294629,0.561941,0.267312,90.7283
sg13g2_IOPadIn,pad->p2c,delay,fall,0.12,0.165517,0.298674,0.566764,0.268089,89.7598
sg13g2_IOPadIn,pad->p2c,delay,fall,0.12,0.172966,0.302719,0.571586,0.268867,88.8172
sg13g2_IOPadIn,pad->p2c,delay,fall,0.12,0.180414,0.306764,0.576408,0.269644,87.8995
sg13g2_IOPadIn,pad->p2c,delay,fall,0.12,0.187862,0.310809,0.58123,0.270421,87.0056
sg13g2_IOPadIn,pad->p2c,delay,fall,0.12,0.192,0.313056,0.583909,0.270853,86.519
sg13g2_IOPadIn,pad->p2c,delay,fall,0.12,0.19531,0.314849,0.585993,0.271145,86.1192
sg13g2_IOPadIn,pad->p2c,delay,fall,0.12,0.202759,0.318882,0.590684,0.271802,85.2359
sg13g2_IOPadIn,pad->p2c,delay,fall,0.12,0.210207,0.322915,0.595374,0.272459,84.3747
sg13g2_IOPadIn,pad->p2c,delay,fall,0.12,0.217655,0.326948,0.600064,0.273115,83.5348
sg13g2_IOPadIn,pad->p2c,delay,fall,0.12,0.225103,0.330982,0.604754,0.273772,82.7153
sg13g2_IOPadIn,pad->p2c,delay,fall,0.12,0.232552,0.335015,0.609444,0.274429,81.9155
sg13g2_IOPadIn,pad->p2c,delay,fall,0.12,0.24,0.339048,0.614134,0.275086,81.1348
sg13g2_IOPadIn,pad->p2c,slew,rise,0.12,0.024,0.059815,0.06275,0.002935,4.9067
sg13g2_IOPadIn,pad->p2c,slew,rise,0.12,0.031448,0.070266,0.073088,0.002823,4.0171
sg13g2_IOPadIn,pad->p2c,slew,rise,0.12,0.038897,0.080716,0.083427,0.00271,3.3579
sg13g2_IOPadIn,pad->p2c,slew,rise,0.12,0.046345,0.091167,0.093765,0.002598,2.8499
sg13g2_IOPadIn,pad->p2c,slew,rise,0.12,0.048,0.09349,0.096063,0.002573,2.7524
sg13g2_IOPadIn,pad->p2c,slew,rise,0.12,0.053793,0.101715,0.10424,0.002525,2.4826
sg13g2_IOPadIn,pad->p2c,slew,rise,0.12,0.061241,0.112291,0.114754,0.002463,2.1937
sg13g2_IOPadIn,pad->p2c,slew,rise,0.12,0.06869,0.122866,0.125268,0.002402,1.9546
sg13g2_IOPadIn,pad->p2c,slew,rise,0.12,0.076138,0.133442,0.135781,0.00234,1.7534
sg13g2_IOPadIn,pad->p2c,slew,rise,0.12,0.083586,0.144017,0.146295,0.002278,1.5817
sg13g2_IOPadIn,pad->p2c,slew,rise,0.12,0.091034,0.154593,0.156809,0.002216,1.4336
sg13g2_IOPadIn,pad->p2c,slew,rise,0.12,0.096,0.161643,0.163818,0.002175,1.3456
sg13g2_IOPadIn,pad->p2c,slew,rise,0.12,0.098483,0.165205,0.167367,0.002161,1.3083
sg13g2_IOPadIn,pad->p2c,slew,rise,0.12,0.105931,0.175893,0.178014,0.002121,1.2056
sg13g2_IOPadIn,pad->p2c,slew,rise,0.12,0.113379,0.18658,0.18866,0.00208,1.1147
sg13g2_IOPadIn,pad->p2c,slew,rise,0.12,0.120828,0.197268,0.199307,0.002039,1.0336
sg13g2_IOPadIn,pad->p2c,slew,rise,0.12,0.128276,0.207956,0.209954,0.001998,0.9609
sg13g2_IOPadIn,pad->p2c,slew,rise,0.12,0.135724,0.218643,0.2206,0.001957,0.8952
sg13g2_IOPadIn,pad->p2c,slew,rise,0.12,0.143172,0.22933,0.231247,0.001917,0.8357
sg13g2_IOPadIn,pad->p2c,slew,rise,0.12,0.144,0.230518,0.23243,0.001912,0.8294
sg13g2_IOPadIn,pad->p2c,slew,rise,0.12,0.150621,0.240075,0.241943,0.001868,0.7779
sg13g2_IOPadIn,pad->p2c,slew,rise,0.12,0.158069,0.250827,0.252645,0.001818,0.7246
sg13g2_IOPadIn,pad->p2c,slew,rise,0.12,0.165517,0.261579,0.263347,0.001768,0.6758
sg13g2_IOPadIn,pad->p2c,slew,rise,0.12,0.172966,0.272332,0.274049,0.001718,0.6307
sg13g2_IOPadIn,pad->p2c,slew,rise,0.12,0.180414,0.283084,0.284751,0.001668,0.5891
sg13g2_IOPadIn,pad->p2c,slew,rise,0.12,0.187862,0.293836,0.295453,0.001618,0.5506
sg13g2_IOPadIn,pad->p2c,slew,rise,0.12,0.192,0.299809,0.301399,0.00159,0.5303
sg13g2_IOPadIn,pad->p2c,slew,rise,0.12,0.19531,0.304603,0.306184,0.001581,0.5189
sg13g2_IOPadIn,pad->p2c,slew,rise,0.12,0.202759,0.315391,0.31695,0.001559,0.4944
sg13g2_IOPadIn,pad->p2c,slew,rise,0.12,0.210207,0.326179,0.327717,0.001538,0.4715
sg13g2_IOPadIn,pad->p2c,slew,rise,0.12,0.217655,0.336966,0.338483,0.001517,0.4501
sg13g2_IOPadIn,pad->p2c,slew,rise,0.12,0.225103,0.347754,0.349249,0.001496,0.4301
sg13g2_IOPadIn,pad->p2c,slew,rise,0.12,0.232552,0.358541,0.360016,0.001474,0.4112
sg13g2_IOPadIn,pad->p2c,slew,rise,0.12,0.24,0.369329,0.370782,0.001453,0.3934
sg13g2_IOPadIn,pad->p2c,slew,fall,0.12,0.024,0.048876,0.13202,0.083144,170.1116
sg13g2_IOPadIn,pad->p2c,slew,fall,0.12,0.031448,0.056085,0.139954,0.083869,149.54
sg13g2_IOPadIn,pad->p2c,slew,fall,0.12,0.038897,0.063293,0.147888,0.084594,133.6543
sg13g2_IOPadIn,pad->p2c,slew,fall,0.12,0.046345,0.070502,0.155822,0.08532,121.0172
sg13g2_IOPadIn,pad->p2c,slew,fall,0.12,0.048,0.072104,0.157585,0.085481,118.5521
sg13g2_IOPadIn,pad->p2c,slew,fall,0.12,0.053793,0.077853,0.163042,0.085189,109.4227
sg13g2_IOPadIn,pad->p2c,slew,fall,0.12,0.061241,0.085244,0.170058,0.084813,99.4942
sg13g2_IOPadIn,pad->p2c,slew,fall,0.12,0.06869,0.092636,0.177074,0.084438,91.1502
sg13g2_IOPadIn,pad->p2c,slew,fall,0.12,0.076138,0.100027,0.18409,0.084062,84.0393
sg13g2_IOPadIn,pad->p2c,slew,fall,0.12,0.083586,0.107419,0.191106,0.083687,77.907
sg13g2_IOPadIn,pad->p2c,slew,fall,0.12,0.091034,0.11481,0.198122,0.083311,72.5643
sg13g2_IOPadIn,pad->p2c,slew,fall,0.12,0.096,0.119738,0.202799,0.083061,69.369
sg13g2_IOPadIn,pad->p2c,slew,fall,0.12,0.098483,0.122246,0.205082,0.082836,67.7617
sg13g2_IOPadIn,pad->p2c,slew,fall,0.12,0.105931,0.12977,0.211932,0.082161,63.3127
sg13g2_IOPadIn,pad->p2c,slew,fall,0.12,0.113379,0.137295,0.218781,0.081486,59.3514
sg13g2_IOPadIn,pad->p2c,slew,fall,0.12,0.120828,0.144819,0.225631,0.080812,55.8017
sg13g2_IOPadIn,pad->p2c,slew,fall,0.12,0.128276,0.152343,0.23248,0.080137,52.6027
sg13g2_IOPadIn,pad->p2c,slew,fall,0.12,0.135724,0.159868,0.239329,0.079462,49.7048
sg13g2_IOPadIn,pad->p2c,slew,fall,0.12,0.143172,0.167392,0.246179,0.078787,47.0674
sg13g2_IOPadIn,pad->p2c,slew,fall,0.12,0.144,0.168228,0.24694,0.078712,46.7889
sg13g2_IOPadIn,pad->p2c,slew,fall,0.12,0.150621,0.174964,0.253131,0.078166,44.6755
sg13g2_IOPadIn,pad->p2c,slew,fall,0.12,0.158069,0.182543,0.260095,0.077552,42.4844
sg13g2_IOPadIn,pad->p2c,slew,fall,0.12,0.165517,0.190121,0.26706,0.076938,40.4679
sg13g2_IOPadIn,pad->p2c,slew,fall,0.12,0.172966,0.1977,0.274024,0.076324,38.6061
sg13g2_IOPadIn,pad->p2c,slew,fall,0.12,0.180414,0.205278,0.280988,0.07571,36.8817
sg13g2_IOPadIn,pad->p2c,slew,fall,0.12,0.187862,0.212857,0.287953,0.075096,35.2801
sg13g2_IOPadIn,pad->p2c,slew,fall,0.12,0.192,0.217067,0.291822,0.074755,34.4387
sg13g2_IOPadIn,pad->p2c,slew,fall,0.12,0.19531,0.22046,0.294975,0.074515,33.7998
sg13g2_IOPadIn,pad->p2c,slew,fall,0.12,0.202759,0.228093,0.302068,0.073975,32.4317
sg13g2_IOPadIn,pad->p2c,slew,fall,0.12,0.210207,0.235727,0.309161,0.073434,31.1523
sg13g2_IOPadIn,pad->p2c,slew,fall,0.12,0.217655,0.24336,0.316254,0.072894,29.9531
sg13g2_IOPadIn,pad->p2c,slew,fall,0.12,0.225103,0.250994,0.323348,0.072354,28.8268
sg13g2_IOPadIn,pad->p2c,slew,fall,0.12,0.232552,0.258627,0.330441,0.071813,27.7671
sg13g2_IOPadIn,pad->p2c,slew,fall,0.12,0.24,0.266261,0.337534,0.071273,26.7681
